"How do I stop my 1 year old cat from waking us up at 3am every, single, morning..",1.0
How would I know if my kitten is actually happy playing fetch or if he's offended we're throwing his babies?,1.0
Super senior cat weight gain program?,1.0
Was doing a calorie check with my sister and someone decided to pop in.,1.0
Ringo waited until I had to poop before deciding to get stuck behind the dryer,1.0
Here's my AT-AT car Nunu ğŸ˜¸,1.0
"Before serving the table, we have to give love ğŸ™ŠğŸ˜œ",1.0
"Beer , Cats , Slugs",1.0
My fiancÃ© cheering me up with pictures of draws of my cat while Iâ€™m away,1.0
Name her: currently her name is cat cause Iâ€™m too indecisive ğŸ˜‚,1.0
This picture needs a good caption,1.0
why so huge? /gen,1.0
Cat with Urinary Issues and Feeling Incredibly Guilty,1.0
She just plopped down in the middle of the kitchen and started doing this??,1.0
I'm being emotional at how my cat been so clingy all day since he saw me crying so much,0.98
Any purry friends on the Life network ?,0.5
My cat won't touch his normal food ever since I started giving him Greenies treats,1.0
My beauty,1.0
Iâ€™m freaking out because I forgot to put my cats water bowl out for 24 hours,0.83
Neighbourhood boss resting in my backyard this morning ğŸ™‚,1.0
My coworker keeps getting in my lap and nibbling at me. Do I report him to HR?,1.0
She's sleeping but woke up when I approached to take a photo and that's her pose. Reminds me of the second photo.,1.0
An Angel at rest (only),1.0
Random night visitor,1.0
My parents cat is way too affectionate for the amount of attention they give him and Iâ€™m not sure what to do?,1.0
Indoor cat or walking them?,1.0
my cats ğŸ˜»ğŸ˜»ğŸ˜»ğŸ˜»,1.0
she has lil lips oh my gosh,1.0
How my cat (mawmaw) looks at me when Iâ€™m 1 minute behind the breakfast schedule,0.97
Anyone know if this bruise that appeared on my cats chin is a problem,1.0
Found a new friend,0.86
"Cat Dip, Acrylics",1.0
Worried about moving to a high rise apartments with my babies..,1.0
So weird to see this angle lol. Flexing those muscles.,0.86
Whenever I take a walk at night random cats will come up to me and either circle me or walk in front of me in a zig-zag ğŸ¥¹ğŸ˜­ Does anybody know why they do that?,1.0
The capillaries of a cat's ear.,1.0
Catâ€™s recent behavior,0.84
Too distracted with cuteness to work! Share your wfh distraction!,1.0
Add a cat to your therapy appointments â¤ï¸,0.94
Our Cat is Dying,0.93
I swear she is trying to suffocate me in my sleep,0.99
I caught my Cats being obedient,0.97
"Two new kittens with fleas, advice?",0.92
Sealpoint kitty,1.0
My cats favourite toys. Any suggestions?,0.76
Which kitty photo???,0.84
Afternoon snooze,0.95
Sleepy stretches,0.84
Cat throwing up (help),0.67
Ironic Cat,0.76
Help please! Yelling cat waking baby,0.67
Cat is drinking out of my toilet. Should I let him?,0.67
Tribute to my beloved cat,1.0
My cat died and a part of me died with him. Tribute to my beloved cat,0.99
Lunas smiley pictures ğŸ˜¸,0.91
Spent the day painting roses with Ms. Kittu.,0.75
"From street gremlin to spoiled queen â¤ï¸ Keep rescuing animals, please. Itâ€™s the best thing that can happen to them and honestly, to us too !",0.88
Do I need to go to urgent care?,0.67
Cat dragging poop outside her litterbox,0.67
Has anyone genuienly been late for work or an appointment because your little buddy(ies) fell asleep on you?,0.86
This is Jo,0.81
Something growing in my foster catâ€™s chin,1.0
I might be biased but they make the cutest cuddle puddle,1.0
I saw a bulge...,1.0
Cat mom hugs baby kitten,0.99
My adoptee,0.96
"A cat in the grass, just sniffing the air",0.92
ME: meoww meowwnnnn meeeouuunnnnnnnwww,0.9
Neighborhood Watch,0.94
Swollen and wonâ€™t walk on it,1.0
Sakura says â€œI just canâ€™t even todayâ€,1.0
Just adopted a cat. He keeps staring at me like this. I think he likes me!,1.0
Am I overreacting or do we need to be trimming our cats nailsâ€¦,1.0
I can't... I just feel so much love whenever I look at her. She's 10 and it's her 1 year adoption anniversary,0.95
Catfishing,1.0
crate rest for 2 months and still not done ğŸ™,0.88
Our dear Simba has left us â¤ï¸,1.0
Just found this scrolling through my photos,1.0
How do youlookv so elegant wile doing absolutely nithing?,1.0
She just realized that she is not a fruit,0.95
"Working on building up trust. Right now she is at ""I will come down once you leave the food there, thank you very much"".",1.0
"""Let me in, Peasant...""",0.86
Fergie sleeps like he has a full time job,0.98
"Cats fighting, suggestions?",1.0
Cat sitting this round gentleman,0.98
Yuki .. Yawning ğŸ¥±,1.0
Meet my Office friend ğŸˆ,1.0
my cat goes crazy over this herbal infusion! is it safe?,1.0
Help with my cats puking,1.0
he exists now,0.89
Your cats also accompany you to the bathroom for everything,0.88
Alarm,1.0
goblin mode: senior edition.,0.96
Hired a new IT specialist. Demands payment in tuna and requires daily ear scratching sessions.,0.87
Every time I leave the closet door open he pulls something out and then gets terribly indignant if I have to go anywhere wearing that,0.88
A street cat!?,1.0
1 year without my baby. Miss him every day,0.99
Where is the key ?,1.0
How do your cats behave around you?,1.0
My cat just will not use the litter box unless itâ€™s perfectly clean what do I do?,0.95
My Spider Cat,1.0
my vet gave us medicine that doesnâ€™t seem to be working..,1.0
what colour/pattern is my new cat?,1.0
is this a stray or someoneâ€™s cat?,0.86
How to tell if a behaviour change in a senior cat is just aging or something serious?,1.0
Cats and Baby Carrots!!!,1.0
cat on the balcony,1.0
Posing for Onlypeets,0.92
Need urgent help,1.0
doll face persian and vacation,0.84
Dot just wants to relax,1.0
My lovely cat August,0.92
She ate a mouse last night.,0.89
Best thing in my life,0.9
"This neighborhood cat we nicknamed Tina, she always has a lot to say :)",1.0
She loves the sofa,1.0
Love them ğŸ¥°,1.0
My cat Lupin loves the Sirius figurine,0.91
its her world,0.91
Fraggle und Newt,0.79
Whatâ€™s that on my cats belly ?,0.57
Advice with food and litter,1.0
heâ€™s in the matrix now,1.0
Came home from a 14 hour shift to this.,0.98
My middle-aged cat lady ğŸˆâ€â¬›,1.0
Politely asking for breakfast,0.87
Is it normal for my kitten to do little dribbles of pee everywhere?,1.0
Having trouble deciding which picture for my cat's urn,1.0
Firewall,0.87
Piggy boy,0.91
Evolution of a cat - each 30min,0.87
"My friend's cat named ""pluto""",0.94
Little boy or girl?,0.75
Tara is getting comfy in her forever homeğŸ¡,0.94
The cutest ğŸ˜ƒ,1.0
I met Â«ChipaÂ» again!,0.92
Lisan al-Gaib,0.9
My idiot cat,0.96
Just two lifelong pals â¤ï¸,0.98
my baby wonâ€™t leave my side after I came back from holiday,1.0
"The good old â€œ theyâ€™re playing, right?â€",1.0
Here is my Misty. I wish I could pet her again so badly.,0.84
"My 11 week old has been only eating dry food for a week, will he be okay",1.0
"Only took 20 tries, one mildly decent photo, and a numb left hand.",0.83
Cats with sudden Kidney failures,1.0
Little Orange Lady - Calcifer 1-5 months old,0.83
Came home to a bald patch!,1.0
"Miss Patty wants to be ""friends""",0.87
Belly button?,0.91
Not a high quality post. One of my only interactions with car (Name's Mango),1.0
Wish they slept next to each other more often,0.95
why is her leg bald?,1.0
"Olive saw a few birds come to the window, and now he's running around like crazy, eyes wide open!",0.93
My little pet,0.92
This is my Peppermint.,0.9
Gorl loves to play fetch,1.0
Does my cat have a hunch Back?,1.0
I just wanted to share this prime picture of my cat,0.91
I miss my jerk. She was good with making me never get anything done on time.,0.93
Raoul ğŸ¤¦â€â™€ï¸,1.0
She's giving me The Lookâ„¢,0.97
Pretzel,0.92
Supermodel Stray,0.95
Why do you look at me,0.9
I feel like this could be a movie poster,1.0
Is this a male or female. About 7 weeks old,0.44
Theyâ€™re always watching,0.86
The joys of working from home,1.0
Happy 10th birthday to loml â¤ï¸,0.95
I Wrote This Song About My Cat That Passed Away and Wanted to Share It Here,1.0
The kitten has learned to walk,0.92
Royal Canin Veterinary line: Does your cat eat it? PLEASE READ!,1.0
The Art of Being a Completely Content Tomcat,1.0
Anyone else's cat drink like this?,1.0
Suggestions for traveling with sedation issues,1.0
Happ Birthday my loved oneâ¤ï¸â¤ï¸â¤ï¸â¤ï¸â¤ï¸â¤ï¸,0.86
Why does my cat do this?,1.0
boy hurt so bad,0.89
Show my your khajiit!,0.4
"Oâ€™Connor, my 7 year old buddy",1.0
Katkin Size Comparison?,1.0
is she chunk ?,1.0
One of his favorite sleeping spots,1.0
Survived my first nail clipping,1.0
"I had to say goodbye to my best friend today, Luna.",0.98
Need advice,1.0
Kitten bleeding from abdomen,1.0
What to do next?,1.0
How yo cats sleep?,0.84
My cat just tried to lie down. Miscalculated how far away the wall was and then licked said wall when she hit it,0.75
"she's been staring behind the dresser for over half an hour (thats the closet door, she's not trapped in the room)",1.0
Baller ğŸ˜ğŸ’¯ğŸ’¯,0.92
Kitten decided to hang out under my friends car hood this morning,0.94
The ravioli,1.0
Intense cleaning sessions,1.0
Is my cat chonk or just LARGE,0.94
The Cat Returns is required watching for cat lovers,1.0
Help! Kitty keeps peeing on things on the floor!,1.0
Help with overstimulated cat,1.0
What fur color would you say this is?,1.0
it has never crossed his mind,0.81
What do the ears mean?,1.0
Cat Coughing - should i be concerned?,1.0
"I am adopting this kitty, what do i name him?",0.99
"If itâ€™s cat, why look like a seal?",1.0
A big win for a little kitty,0.92
He looks like we dye him,1.0
My cats in a nutshell,0.91
Introducing cats - HELP!,1.0
Anyone else ever let your cat takeover as DM?,0.95
Iâ€™m so obsessed with the cat tree I got for my birthday!! Moon loves it!,1.0
Is ploopieâ€™s breathing too labored/is this an emergency,0.86
What does this mean?,0.89
Is this kitty a maincoon,0.83
This has become a nightly ritual as I read my son bedtime stories.,0.96
The boys,1.0
Does my kitten like me?,1.0
Urinary obstruction emergency,1.0
Thereâ€™s a monster under the bed,1.0
Someone please tell me if her breathing is okay I donâ€™t want to sleep and wake up with her gone,1.0
Baby Kitten Advice,0.84
Maxineâ€™s unique way of sleeping,0.87
Princess Carolyn is not usually this ugly...,0.95
Letâ€™s see your cats with flowers!,1.0
My two cats started aggressively fighting.,1.0
I just want to show my kirby :),1.0
"Sweet girl who hangs out on my street (she has a home, otherwise id have taken her by now)",0.92
Cat trills every night before bed,0.81
Best sleep ever ğŸ˜´,1.0
Is my cat a meerkat?,1.0
I miss her,0.98
Made my cat a catio,0.9
Max loves walks,1.0
Kiwi crossed the rainbow bridge today.,0.96
Looking for a gym buddy,0.88
Trying to figure out what my kitten may end up looking like,1.0
I made a paper Minecraft that looks like my cat,0.92
Young cat bothers female cat,1.0
screaming as soon as the lights go out!!!!,0.86
"I made a paper Minecraft cat, that looks like my cat",1.0
2 week old kitten. I need some advice,1.0
Herb the Fat Cat Wants You To Feed Him [art print by me],0.81
Lard ass cat with pizza toy.,1.0
I made an illustration of my mother-in-law's deceased cat and printed it on the mug,1.0
This is Unga Bunga Man.,1.0
Hereâ€™s a little sleepy kitty,1.0
Neck brok,1.0
Help settle an argument?,0.91
Me and my sweet darling Luka,1.0
"Adopters: What about your cat's online profile made you say ""Oh heck yeah""?",1.0
I made this 96x60 recovery crate for my cat while he recovers from intestinal surgery.,1.0
My cat licks me every time I brush him. Why?,1.0
Nose and lips,0.89
My cat has some cut or hole near his chest that he keeps digging at should I be worried or will it go away on its own?,1.0
Meet Baylee,1.0
Is cat going dead-limp in their sleep a cause for concern,1.0
Favorite picture from our Honeymoon,0.94
My lil thief,1.0
Seeing neighborhood cats is my incentive to walk more,0.98
My brat boi Loki would have been 4 this year,0.83
My boys ğŸ±,0.97
Need a new litter,1.0
does my cat have an unusual coat pattern?,0.91
One cat or two?,0.93
My outdoors with my horses!,1.0
What pattern is my neighborâ€™s cat?,1.0
Beyza and her classical guitar.,1.0
cat socializing,1.0
my stinky baby <3,0.96
I build forts for my cat,0.92
Best Airline to Fly with a Cat?,1.0
Itâ€™s my cat strange?,1.0
Sniffing the flowers ğŸŒ¸,1.0
Being a mother is not an easy task ğŸ˜‚,0.73
This is Minnow,1.0
Ridge in chest fur?,0.92
moments of frustration,1.0
Bath time,0.93
Hyperthyroidism cream vs y/d diet,0.8
"He saw the squirrel. He lunged. He missed. He hit the window, his brotherâ€™s face, and all of his remaining brain cells",1.0
I didn't know I had a corgi ğŸ¥¹,1.0
Longing,1.0
GIVE ME ATTENTION HUMAN!,1.0
My cat never cuddles me when I watch movies. I guess heâ€™s a little freaky,0.5
this guy ğŸ˜,0.96
Help!! Litter box smells no matter what I do.,1.0
Cats pooping outside of litter box,1.0
Help! How do I reboot my cat? Her back paws are in fer front armpits?,1.0
My friend wants to bring my rehomed cat back,0.8
Dolly took a trip outside today!!,1.0
my whiskey salesmen. or maybe heâ€™s peddling some kind of scent.,1.0
Why do Phillips eyes get sore?,1.0
What should I do? Found a mother cat with her 3 kittens in my back yard.,1.0
Goofy Lucy,0.97
This is Cashmere,1.0
Whatâ€™s wrong with my cat?,1.0
Where can I find my Kitty?,1.0
Our little girl is recovering from bladder issues and anxiety. This is the first time since adoption that she's cuddled upto me.,0.95
This manager of the shop,0.93
Friendly stray black,0.86
"My oldest cat finally opens up to play w/ new kitten, then this happens",1.0
"""Bow down, peasantsâ€¦â€¦â€",0.99
Kitty in a tea cup,0.88
Saved this little baby today,0.92
Advice,1.0
It's my 1st Birthday today ğŸ¥³. Can you come and celebrate with me?,1.0
My 13 year old daughter taught herself last month to crochet,0.99
Ending Monday with the worst of waves ğŸ˜‚,1.0
why does my cat do this?,0.94
"hey yall, need opinions",1.0
THE BOYS,0.9
Volume â¬†ï¸,1.0
My sweet Junee,1.0
Maybe Maybe Maybe,0.72
Cat Proofing garden,1.0
A drawing i did of an older kitty. I used colored pencils. He had such lovely vivid green eyes so I had a lot of fun capturing those!,1.0
Iâ€™m Going to Miss the Miss the Most Annoying Cat on the Planet,0.93
I have a grumpy cat,0.79
"Our kitten, Roux, was very interested in boiling water",0.94
Happy 3rd birthday to my middle child,0.9
The cat distribution system finally picked me!!!,1.0
c*r,0.88
My outdoor cat just gave birth,0.94
Two kitties in two weeks?,0.79
The view is better from up here,0.83
Cat keeps getting on top of other cat and biting his neck. Do I stop him or is this normal?,0.77
Meet Luna and moon,0.87
My 1st post - meet Luke,0.92
Urinary blockage advice,1.0
Grey content on my lap,0.88
Why my cat do this?,0.87
Blu Blu,1.0
This is the pose of a killer,1.0
Itâ€™s my catsâ€™ birthday today!ğŸ¥³,0.95
Just can't believe how much my baby boy Gus has grown!ğŸ˜­,0.94
"does anyone know whatâ€™s wrong with my outside cat, Kittyâ€™s eyes? They constantly have this greenish booger thing that often covers her eyes and makes it difficult for her to open her eyes",0.67
This is the most special boy that has ever been and I wanted to share his most special act of love he gives me everyday ğŸ˜»,1.0
"She has an obsession with tails,lol.",1.0
Enjoy 30 seconds of Rosie. Youâ€™re welcome.,0.95
Rare Sighting: Newly adopted cats actually using the cat tower!,0.97
PLEASE SIR KINDLY REDUCE YOUR SPEED,0.93
The one eyed CHURD,0.88
she is the queen,0.92
Feeling like I failed my girl,0.97
Sleepy baby,1.0
His favorite bed is an empty litter box.,0.89
Goofy pose from my boy,1.0
Cat wonâ€™t stop pooping right outside his litter box.,1.0
Should I get a second cat?,0.99
Gotta love the head tilt,0.98
Work Buddies,1.0
The way Melly asks to play fetch,1.0
Question,1.0
I got adopted,0.93
Purrfect Curl,0.95
Crazy how life works,1.0
Pic of my cat. Ended up looking like a cat projectile coming at me lol,0.97
My kitty Missy being cute.,0.95
My view when I woke up the other day.,0.81
My baby wouldâ€™ve been 2 years,0.99
"As a joke, my twin sister submitted a photo of my cat to a pet calendar, and today we discovered he actually won.ğŸ¤£ğŸ˜­",0.96
What to do with cats at uncles farm.,1.0
I just got this cat tower. I have 6 kittens,0.87
Vacation blues because I miss my cat ğŸ˜¿,1.0
Aren't his eyes so pretty?!?,0.88
"*Pic in comments* Vet wouldn't diagnosed my cat's dental issues, I don't know what to do.",1.0
Look at my catğŸ¤©,1.0
My grandma's cat loves when I come over,0.93
Miss Jenna met a 3 year old today and hated every minute,0.86
My son watching the kangaroos,1.0
Sleepy Pimienta,1.0
my kitties,0.97
"First day home, then 3 years later",0.99
My sweet Lily is being put under anesthesia for a dental tomorrow. I'm a wreck. Please send good vibes and tell me it'll be OK.,0.99
"Kitten Fomo, sickness recovery and grief?",1.0
Getting ready for a quick cat nap ğŸ’¤ ğŸ“¦,0.94
Heâ€™s the best stepdad to my recent feral kitten. Ryley and Squiggy.,1.0
What the heck is â€œIâ€supposed to be?,0.8
What I wake up to in the mornings,0.97
Show me your bathroom buddy,0.88
Combo,1.0
Okay what specific subreddit does this belong to,0.8
"Poh couldnâ€™t decide if he wanted to kick Ubi out of the basket, get into it with him, bathe him, or bite him, so he settled for this. Theyâ€™re both asleep.",1.0
I love my sweet girl SO much (a rant),0.9
What is going on with my cat?,0.76
Day off chilling with Loki,1.0
Found her at grocery shop,1.0
Marzipan busy being the embodiment of relaxation,0.94
Cutest little tootsies in the world!  IMHO!  :),0.89
Just lost my cat. How do I cope? Was there something I couldâ€™ve done to save her?,1.0
Cat keeps pushing water out of water fountain,1.0
Cute kitty ğŸ¥º,1.0
My Cat Has Allergies,1.0
Update on the orange stray with the huge wound,0.84
My baby passed this morning,0.99
Advice about cat that won't eat,0.83
Litter Box,1.0
Owning a cat,1.0
One kiss plis?,0.9
C.a.t,0.25
My younger female cat is bullying my older female. Iâ€™m not sure what to do.,1.0
Abejandro,0.92
This is Lil Peep,0.92
Being a kitten is exhausting,1.0
Sleepy Burnt Marshmallow,1.0
Cat acne-UK,1.0
Half off the couch just trying to stay in the sunbeam.,0.84
Can't wait for the cones of shame to be history!,0.95
My cat named August,1.0
Neighborhood cat,1.0
Me and my entire family just spent 45 minutes looking for our cat,0.96
What are these black particles just outside the ear of my cat?,1.0
:3,1.0
Milkshake has graduated from chemotherapy!,0.97
"My baby is turning 5 today, wish her happy birthday",1.0
Does anyone know how I can cut his nails without him throwing a tantrum?,0.91
Hi my cat has a small rash or wound on his chest,1.0
My little baby Mocha,0.91
Darth Orange,0.94
I just got home and he decided he wants cuddles,0.95
Are these cats fighting or playing?,1.0
One of their daily brawls before going back to cuddling with each other lolll. Who won?,1.0
My Birthday Girl!!,0.92
Home Remedy,1.0
How old does my rescue kitten look?,1.0
How is he even real??!,0.92
How to stop bolting out the door?,1.0
Cat Limping After Altercation With Dogs,1.0
Its shedding season!,1.0
"Best cat stroller? This one is falling apart, so itâ€™s time to upgrade.",1.0
Desperate for cat help! Help me prevent giving him up!,1.0
Findus when we found him vs now,1.0
Uuuhhh...,0.84
Diamond,1.0
Catâ€™s forehead smells,1.0
Weird sleeping positions,1.0
Just two best friends watching the birds ğŸ¥¹,1.0
Cat won't stop peeing outside of litter box.,1.0
Help.,0.86
My daughter cut my cats whiskers,0.97
Training and bonding time!,1.0
My cat Sauvignon drinking water from the fountain for the first timeâ˜ºï¸,0.88
Padmeâ€™s serving â‚¬Å¯Å†Ã¾ today and I love it,1.0
"I got my standard issue tabby cat chipped, but HomeAgain wants $50 a year to register it. What are the budget alternatives?",1.0
Muse - The Screaming Loaf Cat,0.85
Ghost tabby?,1.0
I painted a picture of my cat.,0.94
Rorschach,1.0
New here and just need everyone to appreciate the ruler of my household,0.97
Favorite Nap Spot,0.91
Inbred kitten has six toes,1.0
Grateful for my Litter Robot,1.0
I love you more than ever sweetheart,1.0
Something under the bed at this Airbnb,1.0
"Found an abandoned kitten, just noticed this wound",1.0
limp tail,1.0
TNR in my area,1.0
"Just got him hospitalized. Hope that he'll be fine. 11kg, 11y.o",1.0
"Cats beg to go outside, but are anxious/terrified when outside",1.0
He looks so grumpy,1.0
The family of cats we are fostering ğŸ±,1.0
The babies,1.0
Boo! ãƒ¾(=`Ï‰Â´=)ãƒâ€,1.0
Tribute to my beloved Taso (Tahu Bakso/Tatang Solikhin),0.99
"My sweet deaf girl somehow felt me coming when I tried to take her photoâ€¦ didnâ€™t mean to scare herğŸ˜­ Sorry, Ori, I love you â¤ï¸",0.99
"Is this a tick, a mole, or something else?",1.0
Waiting for her Prints...,1.0
Have you ever been this comfy in your life?,0.87
how to tell the difference between play fighting and actual mean fighting,1.0
Mayhem & Chaos,1.0
Mid lick,1.0
Stinky litter,1.0
Iâ€™m taking orders,0.87
I moved.,0.89
Saved her from a kennel during COVID.,0.94
"Business in the front, party in the backâ€¦",1.0
Kitten with legs facing backwards,0.5
Kittens born with unfolded ears,1.0
neighbourhood cat being a model ğŸ’–,0.85
Cat lying down,0.98
What is that??? Only wrong answers.,0.83
Roundworm?,1.0
"Introducingâ€¦Rocky, Maple, Eve and Luna ğŸ«¶ğŸ»ğŸ˜»",0.94
Cat obsessively sniffing and rolling around in sheets,0.84
Floki a mess,1.0
Mmm âœ¨warmthâœ¨,0.76
Meet Cadel!,0.76
feeding,1.0
"I'm a dog guy, but I love her.",0.76
poor stinky wanted his mommy at the vet,0.87
Made some pics of Aruna,1.0
Introducing a second kitten,0.81
I think he loves me,0.91
Did anyone else accidentally adopt a fluffy T-rex?,1.0
My parents cat absolutely hates my guts but I love this little man â¤ï¸,1.0
ALERT!!! KITTY IS LOST IN THE COUGH DROP SAUCE!!!,0.88
"My cat likes to sleep like this, is this normal?",0.94
happy happy kitties,1.0
I think she is in heat?,0.88
Non-surgical CCL injury,1.0
He's sitting on my lap!!! ğŸ˜ºğŸ¦‹,0.98
My little lion,1.0
My cat gets bored easily and I am not sure how to keep her entertained.,1.0
carbon copies,1.0
Interrupted naptime,0.94
she put him in a headlock,0.92
Found friend on the ledge of my favorite grocery store. No clue how they got there. Had to pull the fence up to get to em. Scratched me and boogied two seconds after this pic. An angel.,1.0
Warning: this is upsetting. My neighbor's dog...,1.0
Ideas for a suitcase nap zone replacement?,1.0
This is ravioli! Would she be considered calico or tortie with white? Also long or medium haired?,0.9
Mourning,1.0
My cat scratched a bald spot on her chest,1.0
he removed his own microchip a few hours after receiving it. please shame him,0.92
I believe the world should be aware of our neighborhood cat who is roughly 15 years of age. That is all.,1.0
"I have the opportunity to finally get a kitten, but am suddenly getting doubts",0.67
"My Grandad painted my two boys, Kuru and Scrapie.",1.0
Finally found monster under my bed,0.98
This cathole woke me up at 3:33am ğŸ˜­,0.9
mon chat de sauvetage,1.0
"My boy Dixon, in his little jumper",1.0
"My boy be sneezing for days, should I go to vet?",0.84
Child grooming,0.57
Meet Q-Tip. Anyone know why her tail is like this?,1.0
A tribute to my Wittlekins,0.8
"Gojira, not happy...",1.0
Salad time ğŸ˜‹,1.0
Anyone have either of these fountains?,1.0
Cat feels good,1.0
"Adopted Effie Saturday afternoon, this is her on Monday morning ğŸ’• (yes, plants were moved to different room!)",0.88
What a pose ğŸ˜‚,0.91
Is my brother lowkey evil or am i being unreasonable? Fed up,1.0
"my cat went messing 3years now , i still think about her ğŸ’” her name was jessica",1.0
Mood: Apathetic,1.0
Show me your best cat cam photos,0.91
Is this a worm or plastic my cat threw up in a hairball?,1.0
how bad are tuna foods for cats really?,1.0
I'm sorry Kazly,1.0
Paintings,1.0
Sweet sisters,1.0
"My cow cat. Yes she's a Tortoiseshell, I call her that because if she could shed only eat grass. Coincidentally, softest cat I've ever pet.",1.0
How to make a cat stop scratching carpet/couch?,1.0
My cats behavior towards my arm,0.98
Dinner time. She looks like she's waiting to order,1.0
My sweetest cat attacked me. Seeking support to move past my feelings.,0.86
Milk chin,0.85
What fur pattern is my cat?,0.75
Sprinkles was shocked to have a visitor ğŸ˜¹,1.0
My Cat gave Birth,0.92
Are kittens really that bad?,0.5
Stray's Kittens Discovered Cat bed We Put Out for Them,1.0
My kitty ğŸ±,0.92
Me after handling everyone elseâ€™s drama all day,1.0
Shoulder rider,0.67
Tiger napping again n again,0.93
Idk what to title this but cat photoshoot!,0.77
Ultimate side eye,0.99
She loves hiding in my blanket,0.85
How do I help my cat be a more confident hunter?,0.76
Crazy kitty,1.0
Cat keeps wandering into our garden - what should I do?,0.86
Kitty diapers?,0.72
Do. Not. Touch. The. Remote.,1.0
Tips for cat handling,0.67
"Please check if you think is a boy or girl?  , this is the photo the lady sent me about the cat ğŸ¥²sorry for the bad position , thanks for the help â˜ºï¸",0.5
"Lmao She is Mimi, my 18 years old crazy girl",1.0
"Cat bit me, but it didn't break the skin",0.67
"""Stray"" cat just gave birth at my home - help!",0.67
Stray Cat Keeps Visiting Meâ€”Is It Choosing Me?,0.98
Stop what you are doing and look at my cat,0.96
My neighborhood cat with her babies,1.0
I am speed!,1.0
My cat just had kittens,0.83
Sunbather,0.87
The Cuteness!!,0.88
tiny lower canines,0.86
Street cat,0.76
Cats Rule the Internet - So Why Are Meme Coins All About Dogs?,0.4
"He's cute, he knows it, and he's got me wrapped around his little toe beans.ğŸ˜‚",0.9
HELP! Scared my cats will fall :-(,0.81
"My kittens poop has blood in it, is he okay?",0.67
Obsessed void mom,0.95
My cat looks like having human lips while cleaning,0.92
What if my kitty donâ€™t think I loves her :(,0.81
First time Iâ€™ve heard him chirp at â€œpreyâ€,0.85
apex predator,1.0
This cat looks pretty hungover ğŸ˜„,0.82
She grew up,0.93
Socks & his face near eye abscess,0.81
Am I overfeeding my cat?,0.67
Cat adapting after stroke?,0.76
New cat tree?,1.0
How old do you think this kitten is?,0.67
"Did anyone else know there's a Google Doodle for Cats? Type Cat into the search bar and when the results screen appears, click on the orange pawprint. A cat will then try to catch your cursor.",0.76
"New here, please rate my cat",1.0
Difficult introductions help pls,0.76
3 cats living their best lives,0.92
Ugh,0.67
Does cats shit in the floor just out of spite?,0.67
"I always feel like somebodyâ€™s watching me, and then I remember itâ€™s just Bay.",0.87
At a loss,0.72
My cat has become so loud I don't want him 50% of the time,0.57
R.I.P. Hand,0.81
6 Month Hansel laying on Loki!,0.81
Hansel loafing on Loki!,0.71
Does my cat need help?,0.57
Simone 13 y/o,0.83
Milky our next door cat!,0.79
Veterinary advice for worms,0.76
Cats keeping eating plants,0.91
Canâ€™t take care of my cat because Iâ€™m sick and I feel terrible,0.67
Hi looking for someone to adopt these fur babies. I can no longer keep them and need them adopted soon,0.76
My cats look ai generated,0.81
They literally saved my life,0.93
Recently got these two ladies,0.98
My friends adorable black kitten. Look at those eyes ğŸ˜»,0.95
My neighbors cat found the back of my house ğŸ˜‚ğŸ¥°,0.95
Monday blues? Meet baby voids.,0.87
Best cat tracker?,0.81
Found this little guy at a 7/11*,1.0
"If it fits, it ships",1.0
My female cat â€œvestaâ€ is peeing in my clothes outside the cat litter. Anyone knows why?,0.57
My pretty boy <3,0.92
Not a thought behind those eyes,0.86
Our Lovable Little Psychopaths Are Torture-Killing Little Rabbits! What to Do?,0.6
Kitty dream,1.0
"""Naturally chubby"" cat?",0.76
Best way to help stray mama cat and kittens?,0.76
Lounging around like she owns the place.,0.95
Does anyone elseâ€™s cat start licking themselves when you scratch their butt or tail lol,0.79
It's not a good day here. ğŸ˜‚,0.89
cat nap in pompeii,0.93
Watermelon,0.91
He thinks I can't see him!!! ğŸ˜¸,0.87
I know what I have to do but I don't know if I have the strength to do it,0.75
Draw me like one of your French girls,0.84
Need help with names,0.68
"You wouldn't be able to tell by their looks, but Miso and Mirin show that they are sisters by striking the same poses like true copycats!",0.92
Found kittens,0.67
CariÃ±itos y amor ğŸ¥°,1.0
he looks so threatening,0.88
Baby (6months old) Void scritches,1.0
Is there something wrong with my kitty or is she just being silly?,0.99
What is this in my cats ear? fleas? Help!,0.76
Are these sin biscuits?,0.96
Why does he act like this?,0.67
"My best friend Exodus, been by my side for 17 years. Regal as ever.",0.86
These two make no sense,0.82
Hi,0.88
Spider cat,1.0
Question About My Cat,0.67
Silly :p,0.87
My sweet baby turns 6 today. Miss Beans does not like her hat. I have forsaken her.,0.79
"First day, and 3 years later.",0.99
cats are better in pairs !,0.9
Picky cat allergic to chicken!,0.9
The cat Iâ€™m feeding is badly hurt,0.75
My cow is 2.3kg at 4 years old.,0.99
I got a cat camera with night mode and I can now observe my cat's paranormal activities,0.98
My sister's cat is starring at me like that... What should I do?,1.0
Little guy fell asleep like this ğŸ¥º,1.0
So I may or may not have taken the stray cat (not very stay) into my room,0.86
WHY ARE WE YELLING,0.74
"My dog(female) found this little guy all alone in the middle of my yard after a rain. He was wet, cold and sneeze but now he is showing of he's mighy roar. Say hi to little 1month year old Mufasa",0.99
Cats on other side of door causing redirected aggression,0.67
Seeking advice - regression,0.67
Do Not Disturb,1.0
"Cat collapsed after throwing up, unsure of cause",0.67
"Stray cat brought me her babies, this one never left.",1.0
Any advice on what to do with him?,0.67
Silly Hats: Flowers for Mom!,0.91
He loves leashed walks,1.0
Pompeii Kittys,0.82
Cat Pictures form this week,0.76
"I want a helpful cat assistant too, better than humans.",0.72
I think Mocha is 90% ears by surface area,0.5
"This is Orion, he was my mum's cat one month ago, I couldn't keep him but found him a family!",0.72
"cat throws up, is this normal?",0.67
My girl got groomed recently,0.91
Monday Loafs,0.93
He likes getting up there,0.95
Tribute to my cat Curry,0.99
Found a strange red point on my cat's mouth and a broken tooth,0.79
The cat sat in my seat at the birthday party,0.95
Whatâ€™s your most unsettling picture of your cat(s)? Here is my possessed boy,0.64
This baby is the sweetest ğŸ§¡,0.84
Missing claw? What can I do?,0.9
Our little boy's first birthday!,0.81
Neighbourhood Watch,0.93
I need a recommendation for an electric (one I can plug in)  cat feeder for the strays I feed.,0.67
"Is my cat too thin? She's 1.5 years old, spayed. Pls read?",1.0
This makes me so irritated because it screams scam and I feel like a lot of people are about to be taken advantage of. I am a raw feeder so the concept interest the hell out of me and I would buy it butâ€¦,0.56
Any tips with grief?,0.86
Mother and Daughter,0.84
cute orange cat chilling on the sink in my university,1.0
"Took my kitten to the vet because he was panting, retching, not eating, hardly moving and lethargic...",0.83
A drawing of our nonchalant cat this morning,0.81
Photographed my little ragdoll,0.8
Two out of three ain't bad,0.88
He always brings his Beanie Babies to the window (and probably tells them everything the light touches is their kingdom),1.0
Previously Feral Cat Spring Fever - I'm going crazy!,1.0
"Thought I found a stray cat on the street, turns out it's the corner shop's little guard cat",0.94
I won the cat lottery and found myself a clingy cat,1.0
Luxuriating post-lunch - he got a personal one-egg omelette with ham and crabstick,0.88
My outdoor cat got in a fight,0.6
Older cars poop revolt,0.67
This place looks fine,1.0
"Pretty little kitty, I'm so in love with you...",0.95
Could this mean he wants a brother/sister? ğŸ¥º,0.75
Lost my baby.,0.9
I didnâ€™t think I could feel this muchâ€”then I lost my cat,1.0
This absolutely adorable cat I passed chilling on a wall on the way home today.,0.96
How do i get him to stop biting me?,0.81
Help feeding my relative's cats these days,0.91
Luna loves fresh Laundry,0.72
Director of photography,1.0
I just want to share pics of my babyğŸˆ,1.0
Woke up to find this little furball under my bed.,1.0
The Best Morningsâ€¦.,0.95
"Hello, I'm Coki and I'm angry that they don't let me help with organizing the refrigerator!!! ğŸ˜¡",0.92
Playtime mode: Activated!,0.92
Help me understand my new kitten,0.76
stray cat,1.0
My little armadillo kitty,0.79
Litter box question.,1.0
"Not my cat, but Maynard says hello!",1.0
Meet moon,1.0
Chill cat vibing to a song,1.0
What I woke up to after I've been away for three days,0.93
We adopted a kitten few weeks ago.. is this a normal sleeping position,0.99
"The best $15 art I've ever comissioned (Yes, his name is Cat Stevens)",0.71
Cruella De Vil in another life,0.96
Morning Mood!,1.0
Satoru Skywalker,0.76
My 13 years old cat and his new toy,1.0
Some silly pictures of Jasper with one normal pic at the end :3,0.92
Spying on me from last two days,0.94
how long till cat gains consciousness back after anaesthesia?,1.0
What should her name be?,0.97
my cat became obsessed with dill,0.88
randomly peeing?,0.81
More Kitten-Doggy Cuteness,1.0
Little blanket goblin,0.9
Sleepy boy,0.95
Stray disappeared Friday evening,1.0
How I found my cat Shadow sleeping yesterday ğŸ˜‚,0.98
Please open your heart.,0.97
Lillian,0.92
my Goku â™¥ï¸,0.75
Is One Nobivac Rabies Dose Enough for My Kitten?,1.0
Leash/carrier training,1.0
I said he's adopted,0.91
Silly donut boy,0.88
My cat has been going to the bathroom every 15-20 minutes. He also won't let me get near his stomach area to check on him.,0.75
Just some stray cat photo I took,0.67
Cozyy Kittyy,0.81
Just two freeloaders judging the working class,0.99
Took these photos yesterday,0.86
My neighbours got a new cat recently and their old one is staying at my place the whole time and wonâ€™t leave,1.0
My baby that adopted us,0.93
My 8 week pebble and her weird sleeping positionsğŸ’œ,0.91
WHY IS HE SO SMOL,0.86
cube cat,1.0
Nose shy,0.99
"I leave here my stray cat's lovely purr, and my breath sound ğŸ˜…",1.0
Is My Cat Just That Nice and Chill?,1.0
"I'm am thinking of getting a cat, can you please answer some questions?",1.0
I thought she was stuck..but she was enjoying the her view,0.94
My little sour patch,0.94
"Nova, passed the one year this month. Getting more cuddly each month. Loves to be brushed",1.0
Cat in the Clouds,0.96
"Mum, whereâ€™s my f**cking breakfast ğŸ˜†",1.0
The fastest way to wake me up at 4 in the morning is to stick your tongue up my nostril.,0.94
Her favorite past-time,1.0
That crazy tongue,1.0
"My Grandma's cat vanished overnight leaving behind 5 days old kittens, she isn't responding to calls, isn't responding kitten cries, food or anything, it's unusual and I'm fearing for the worst",1.0
"My best friend, Lord White Paws aka Dr. Mittens",0.97
"Feline Leukemia, please help",1.0
Are they planning to ambush me?,1.0
Cat trippinâ€™,0.95
My cat has the most intense and constant purrs.,1.0
my cat ran away 3 days ago what do i do?,0.96
Brotherâ€™s Cat,1.0
I want a cartoon called CDS,1.0
I think I got a magical kitten,1.0
oh to feel this at peace,0.92
Sir! Excuse me sir!,0.94
This furball saves my life on the daily,1.0
"This is Luna, our new foster cat. The dumbest and the cutest.",1.0
Hello people,0.96
I have a very talkative and bossy cat ğŸ˜‚,1.0
Just wanted to share a photo my son took. This is bob. He lives just down the street from us. Him and my son have a beautiful friendship and i thoroughly believe he has helped my sons anxiety ğŸ¥°,1.0
kitten drooling a lot,1.0
I love my cat so much! She's my everything.,0.95
Desexed anxious male cat urinating around the house,1.0
pov coming home early from work and found your wife in bed with another man,0.91
Goodnight!,1.0
Grown void with white chest hair ğŸ‘€,1.0
why is my cat tensing up like this while sheâ€™s laying down??,1.0
My kitties Bread and Sugar!,0.94
He was purrfectly pleased to see me,0.93
intelligent cars,1.0
He might be an Otter ğŸ¦¦.,1.0
Matcha - Cat Approved,0.88
Bonded trioâ€™s sleeping arrangements,1.0
"The best thing is, it's not a trap! You can scritch that soft belly to your heart's desire and no murder mittens will scratch back â¤ï¸",0.86
Anyone know how to get my cat to sleep with me again,0.88
Gaby wishes a happy Monday. Not easy for him either,1.0
How do I get my cat to stop DELIBERATELY scooping litter out of the litter box?,1.0
cat claw issue,1.0
Lavender,1.0
Kitten wonâ€™t stop screaming in front of my door at night. What do I do?,1.0
Why wonâ€™t my cats get along,0.81
Dreamy car,0.86
My cat lies like this and stats blinking with one eye,1.0
"A tribute to my cat, Lucky",0.98
My cat throws up every week,1.0
Ugh it's too much cuteness,0.9
Feeling like I failed,1.0
"My Moms cat Tobi,heâ€™s beautiful but deadly",0.99
ğŸ©¶,1.0
Is she going to keep her meow?,1.0
I see you,1.0
Nibbles says good morning.,0.91
Floaty cat,1.0
kitten care help,1.0
Does anyone elseâ€™s cat like to play fetch?,1.0
I feel blessed.,1.0
"My boy Rufus dreaming of slow, fat mice",1.0
Does anyone know if offbrand cat inhaler adaptors work?,1.0
The seatbelt sign is on,0.88
Remember to get your cats grass!,1.0
Cat Scratch/bite,1.0
My fat little potato,0.9
Found this stray cat outside my house,0.97
How does one cope with the need to get up but there's a sweet baby on you? ğŸ˜­ I'm convinced we just suffer in silence ğŸ˜‚â¤ï¸,0.83
My cat has new weird freckles on her nose bridge..,1.0
Mama kitty with her babies,1.0
"Goodbye, my best little friend, I hope we meet again.",1.0
Im stuck in this position forever arent i,0.88
"What do I do? My cat was my friend and one of my anchors grounding me to life, and now he's gone.",1.0
Helpful cat OR ripping your stuff cat?,0.83
why is my cat so mean,1.0
Help me not freak outâ€”cats tail is crooked,1.0
I threw away the lily flowers from my momâ€™s Motherâ€™s Day bouquet and now I feel bad.,0.67
Trying to find a replacement for my cats favorite toy.,1.0
Litter recommendations?,1.0
Show some pictures of things that your cats have ruined,1.0
JoJo uses Defensive 360!,0.91
Foster Kitten 8 Hours Laterâ€¦,1.0
My cat is not very helpful for crocheting,1.0
Just adopted Marina last week,0.98
New kitten cries constantly,1.0
cat pic,1.0
hugging her lil' sister,0.89
Perfect face,0.83
Is my kitty blind in one eye?,1.0
why play normally when she can play in the derpiest way possible?,1.0
Lolo and Lola,1.0
heâ€™s eepy,0.86
Both cats scratching,1.0
Is this normal? Almost on a routined schedule,1.0
Taking a moment to say hello to the photographer..,1.0
Peeing on the edge of litter box,0.81
2 of the 3 cats I took in had their babies for mothers day!!ğŸ¥°â¤ï¸ğŸ’•,1.0
My 7 year old being weird while I brush my teeth,1.0
I was gone for one night - he never used to be a lap cat,1.0
That's not my cat,1.0
Spot Pet Insurance,1.0
Cats in Boxes,1.0
Never eaten a day in their life,1.0
The Cat Chronicles: Concrete Jungle,0.83
Innocent and not so innocent,0.91
"My cat likes to hide under the couch, but Iâ€™m worried that heâ€™ll get stuck. Read body text",0.81
my cat loves shopping bags,1.0
I'm researching about whether or not I should get a cat or a dog as my first pet. Should I get two cats or two dogs or one cat and one dog?,1.0
Numbers 5 & 6,0.88
This face,0.79
My cat is obsessed with our fan,0.83
Does SpongeBob music mean something in cat?,1.0
dude my cat is handsome,1.0
Sustainable cat litter that isn't too expensive and doesn't smell horrible?,1.0
"Me : I wonder why my back hurts, Also me:",1.0
Rescue Leo waking up,1.0
For those of you with one-eyed kitties...,1.0
Sshh... He's Hiding!,0.94
is this a sign of pain?,0.86
Smallzâ€™s favorite day: laundry day,0.96
The difference between my 2 cats when I brush them,0.9
It gets better but some days.....,0.92
Mission Possible,1.0
"I'm having trouble deciding a hair style, could yall help me out?",0.91
This bozo sleeps on my shorts,0.92
"Stinker A , Stinker B.",0.95
"My Cat Demanded a Game, So I Made This Match-3! (Hope your cats approve too!)",0.86
"Have one cat, do I adopt 1 or 2 fosters?",0.93
Sweet lil lady named Roxy,1.0
Pet Food Bag Torn and Taped,1.0
What behavior is my cat expressing here?,1.0
Selah â¤ï¸,1.0
The bellyâ€¦ itâ€™s so tempting !,1.0
Simon ASMR Churu Stick,0.88
This vro thinks he can chill HE NEEDS TO WORK!!! ğŸ’”,0.86
"Kitten showed up one night, has not left.",1.0
My cats love laying near the heater,1.0
what is my cat doing?,0.88
New queen. Meet Calypso.,1.0
Kitty facetime,1.0
He thinks I canâ€™t see him,0.99
Hidden paws ğŸ¾,1.0
Loaf ğŸ¥°,1.0
she LOVES being brushed,1.0
Im getting a new kitten next weekend(male) but I'm worried about the two adult cats I already have(both female),1.0
My 10 year old knows heâ€™s cute as pie,0.96
Looong kitty - fluffy belly âœ¨,0.96
My Coco watching the cars go by,0.97
my 8 ish months old rescue seems uninterested in femakes in heat. is this normal?,1.0
Posted elsewhere and everyone loved my Lennyâ€™s silly little face. Hereâ€™s more of him!,1.0
Cat lump,1.0
My first long haired kitty. Meet Keiko.,0.95
What's your opinion on people who walk their cats? Like with a leash,0.8
Meet my new kitten ğŸ±,1.0
Happy Motherâ€™s Day from this idiot ğŸ˜,0.98
Please if you can help.,0.6
I drew and bedazzled my friendâ€™s cats,0.96
After my 3 i cant have any more cats.,0.92
"Gary snuggling while I'm sick in bed. I feel better already, Gare.",0.98
Breaking my â™¡,0.92
My catâ€™s over here looking like pennywise,0.94
Rocket demands to speak to the manager. Again.,1.0
Kitten keeps running after resident cat and getting hissed at,1.0
Evil kitty licking herself cause she's evil.,0.86
Big blue eyes,1.0
Cat not interested in dinner anymore - what can I tempt her with?,0.84
The weirdest cat Iâ€™ve ever had.,1.0
I think I adopted a dog and not a cat,0.95
Smokey content ğŸ¥°,1.0
Do your cats watch TV?,0.88
Murder Floof,0.91
When youâ€™re trying to fold the clothing but you have a cat.,1.0
spelunking is her newest hobby.,1.0
She is speed!,0.83
No homework then?,0.92
So... my girlfriend found a cat.,0.98
What can I use to lessen the ammonia smell of my litter?,0.75
Why is my cat not letting me sleep?,0.99
"My brother and my sister-in-laws three cats Louis, Lucille, and Toby",1.0
He's a avocado ğŸ¥‘,0.98
Stupid Cat Keeps Running Away!!!,0.8
I took a picture of my cat with a feather on his head and accidentally left the flash on and he gave me the meanest side eye Iâ€™ve ever seen,0.9
"In honor of Motherâ€™s Day, hereâ€™s my baby when we first brought her home and now.",1.0
Young orange one being orange,0.96
I took my cat out rockhounding in the New Mexico desert.,1.0
â€œwhat do you mean itâ€™s not dinner time yet!??!?!â€,0.94
Cat nip addiction metaphor,1.0
Theyâ€™re always knocked out on this chair,1.0
ğŸ˜»ğŸ˜»ğŸ˜»,1.0
Which is your favorite picture of Marshall? (OC),0.87
"My boy, Rocky",0.99
My cat is freaking our after moving house,1.0
Adopted by dogs,1.0
Please help.,1.0
"Our sweet little boy, passed over the rainbow bridge this morning. Motherâ€™s Day",0.96
Destructive cat,1.0
Worried About Eye,0.81
Advice. Cat is OBSESSED with necks.,1.0
help! new kitten,1.0
little peaches glow up - one year old this month,1.0
help with scared cat not coming in while dog is inside,1.0
Coo mood is my simba,0.83
Coo,0.75
She knows how to spend a Sunday afternoon,1.0
Help me find a home for this beautiful kitty. Sydney australia.,1.0
Found at a yard sale- acting like it was for sale!,0.9
Administering liquid Benadryl,1.0
male kitten constantly harassing my female cat,1.0
advice needed!,0.9
Why is my cat so skittish?,1.0
Noise fear?,1.0
9 Months old n Still a Baby,1.0
How do I stop kitten from nursing in my hair?,1.0
We love watching him sleep because tuck 6 years for him to trust us completely after he was an stray cat,1.0
Help!,0.84
baby kittiesğŸ¥¹,0.98
Cat leaving white particles on chairs,1.0
Adopted a new kitty but canâ€™t help but compare her to my old kitty ğŸ˜,1.0
Favorite toy,1.0
She must scream! Not enough tissue paper!,0.92
Happy Motherâ€™s Day from Yuki!,1.0
He's always so joyful,0.85
